Supplier;"Brend  ";"Product name (EN)";"Product name (PL)";"Order No.";Sku;"our Sku ";"Supplier Product ID";"EAN / Barcode";Item;"Qty (Quantity per Unit)";item_category;"item SubCategory";"Написаанно на этикетке товара ";"Номер в EXL";Season/Collection;Collection;Gender;"Product Line";"Color Code";"Color Description EN";"Color Description PL";"Общая колонка размеров";"Size Xs-Xl";"Age Size ";"Height Size";"Socks Size";"Hats Size";"Shoe size";"Wholesale Price EUR";"Recommended Retail Price EUR";"Wholesale Price PLN ";"Recommended Retail Price PLN";"Basis Unit";"Basis Unit Quantity";"Diameter ";"Weight KG";"Height CM";"Width CM";"Length CM";"Description EN";"Description PL";"Images 1";"Images 2";"Images 3";"Images 5";"Images 6";"Images 7";"Images 8";"Images 9";"Images 10";Warehouse
;LIEWOOD;"Monty Sandals";;SO440600;LW14740;;LW14740;5715493502386;;1;SANDALS;;;;"01 2026";;UNISEX;;2696;"Tuscany rose multi mix";;;;22;;;;;16;40;;;;;;;;;;;;;;;;;;;;;
;LIEWOOD;"Danny Cap";;SO440600;LW17683;;LW17683;5715493505509;;3;HATS/CAP;;;;"01 2026";;UNISEX;;1031;Riverside;;;;55;;;;;10.8;27;;;;;;;;;;;;;;;;;;;;;
;LIEWOOD;"Amelia Anglaise Sun Hat";;SO440600;LW17684;;LW17684;5715335241077;;4;HATS/CAP;;;;"01 2026";;GIRL;;5060;Sandy;;;;"3/4 Y";;;;;12.4;31;;;;;;;;;;;;;;;;;;;;;
;LIEWOOD;"Gorm Reversible Sun Hat w Ears";;SO440600;LW17698;;LW17698;5715493253585;;4;HATS/CAP;;;;"01 2026";;UNISEX;;1989;"Peach Seashell / Pale tuscany";;;;"9/12 M";;;;;11.6;29;;;;;;;;;;;;;;;;;;;;;
;LIEWOOD;"Kornelia Printed Pool Small";;SO440600;LW18541;;LW18541;5715493240479;;4;POOLS;;;;"01 2026";;UNISEX;;1835;"Cherries / Apple blossom";;;;"ONE SIZE";;;;;24;60;;;;;;;;;;;;;;;;;;;;;
;LIEWOOD;"Dove Swim Vest";;SO440600;LW19588;;LW19588;5715493369750;;2;"SWIM VEST";;;;"01 2026";;UNISEX;;1232;"Peach / Sea shell";;;;"15-19 KG";;;;;20;50;;;;;;;;;;;;;;;;;;;;;
;LIEWOOD;"Milas Sandals";;SO440600;LW19659;;LW19659;5715493419745;;1;SANDALS;;;;"01 2026";;UNISEX;;1064;"Whale blue mix";;;;29;;;;;12;30;;;;;;;;;;;;;;;;;;;;;
;LIEWOOD;"Lucinda Puzzle Box";;SO440600;LW19704;;LW19704;5715493437985;;8;"CREATIVE TOYS";;;;"01 2026";;UNISEX;;1499;"All together / Sandy";;;;"ONE SIZE";;;;;12.8;32;;;;;;;;;;;;;;;;;;;;;
;LIEWOOD;"Ghita Outdoor Adventure Kit";;SO440600;LW19709;;LW19709;5715493438029;;4;"GARDEN GAME";;;;"01 2026";;UNISEX;;2459;"Peppermint multi mix";;;;"ONE SIZE";;;;;12;30;;;;;;;;;;;;;;;;;;;;;
;LIEWOOD;"Desmond Basketball";;SO440600;LW19721;;LW19721;5715493422325;;8;"GARDEN GAME";;;;"01 2026";;UNISEX;;2450;"Peppermint multi mix";;;;"ONE SIZE";;;;;8.8;22;;;;;;;;;;;;;;;;;;;;;
;LIEWOOD;"Sanjia Flounce Sea Shoe";;SO440600;LW19783;;LW19783;5715493509590;;1;"SWIM SHOE";;;;"01 2026";;GIRL;;2614;"Mini Butterfly / Apple blossom";;;;22;;;;;13.2;33;;;;;;;;;;;;;;;;;;;;;
;LIEWOOD;"Manilla Baby Swim Pants";;SO440600;LW19866;;LW19866;5715493431976;;2;SWIMPANTS;;;;"01 2026";;GIRL;;1232;"Peach / Sea shell";;;;92;;;;;12.8;32;;;;;;;;;;;;;;;;;;;;;
;LIEWOOD;"Quinn Wireless Headphones";;SO440600;LW19891;;LW19891;5715493451622;;4;"MUSIC INSTRUMENT";;;;"01 2026";;UNISEX;;1232;"Peach / Sea shell";;;;"ONE SIZE";;;;;20;50;;;;;;;;;;;;;;;;;;;;;
;LIEWOOD;"Tenley Printed Swim Tee";;SO440600;LW19979;;LW19979;5715493446277;;1;"SWIM TEE";;;;"01 2026";;GIRL;;1232;"Peach / Sea shell";;;;98;;;;;16;40;;;;;;;;;;;;;;;;;;;;;
;LIEWOOD;"Duke Printed Board Shorts";;SO440600;LW20068;;LW20068;5715493516284;;2;"BOARD SHORTS";;;;"01 2026";;BOY;;2632;"Peppermint multi mix";;;;110;;;;;14;35;;;;;;;;;;;;;;;;;;;;;
;LIEWOOD;"Darla Mr Bear Sunglasses 4-10 Y";;SO440600;LW20084;;LW20084;5715493453961;;4;EYEWEAR;;;;"01 2026";;UNISEX;;2452;"Rose transparent";;;;"ONE SIZE";;;;;12.4;31;;;;;;;;;;;;;;;;;;;;;
;LIEWOOD;"Darla Sunglasses 4-10 Y";;SO440600;LW20087;;LW20087;5715493454029;;4;EYEWEAR;;;;"01 2026";;UNISEX;;1232;"Peach / Sea shell";;;;"ONE SIZE";;;;;12.4;31;;;;;;;;;;;;;;;;;;;;;
;LIEWOOD;"Alfredo Rabbit Keychain";;SO440600;LW20094;;LW20094;5715493481285;;8;KEYCHAIN;;;;"01 2026";;GIRL;;1500;Mist;;;;"ONE SIZE";;;;;7.2;18;;;;;;;;;;;;;;;;;;;;;
;LIEWOOD;"Claudina Sneakers";;SO440600;LW20329;;LW20329;5715493517113;;1;SNEAKERS;;;;"01 2026";;UNISEX;;2683;"Rose / Riverside";;;;35;;;;;22;55;;;;;;;;;;;;;;;;;;;;;
;LIEWOOD;"Tyler Stripe LS T-shirt";;SO440600;LW20354;;LW20354;5715493517243;;1;TSHIRT;;;;"01 2026";;UNISEX;;2023;"Y/D stipes Classic navy / Creme de la creme";;;;98/104;;;;;13.6;34;;;;;;;;;;;;;;;;;;;;;
;LIEWOOD;"Della Cap";;SO440600;LW20390;;LW20390;5715493517410;;4;HATS/CAP;;;;"01 2026";;UNISEX;;2304;"Tuscany rose multi mix";;;;55;;;;;10.8;27;;;;;;;;;;;;;;;;;;;;;
;LIEWOOD;"Ilford Set w Frills";;SO440600;LW20472;;LW20472;5715493521189;;4;SET;;;;"01 2026";;GIRL;;2475;"Peach mini / Sea shell";;;;110/116;;;;;18;45;;;;;;;;;;;;;;;;;;;;;
;LIEWOOD;"Dove  Swim Vest w Frill";;SO440600;LW20501;;LW20501;5715493531737;;2;"SWIM VEST";;;;"01 2026";;GIRL;;2606;"Butterfly / Apple blossom";;;;"19-30 KG";;;;;20;50;;;;;;;;;;;;;;;;;;;;;
;LIEWOOD;"Mollie Dress";;SO440600;LW20516;;LW20516;5715493521592;;2;DRESS;;;;"01 2026";;GIRL;;2608;"Flower / Lemon yellow";;;;134/140;;;;;18;45;;;;;;;;;;;;;;;;;;;;;
;LIEWOOD;"Kelly Kangaroo Mommy & Me Teddy";;SO440600;LW20524;;LW20524;5715493531874;;6;TEDDY;;;;"01 2026";;UNISEX;;0507;Dune;;;;"ONE SIZE";;;;;19.2;48;;;;;;;;;;;;;;;;;;;;;
;LIEWOOD;"Lucas Activity Cube";;SO440600;LW20544;;LW20544;5715493531997;;2;"ACTIVITY TOY";;;;"01 2026";;UNISEX;;2727;"Tuscany rose multi mix";;;;"ONE SIZE";;;;;24;60;;;;;;;;;;;;;;;;;;;;;
;LIEWOOD;"Delani Stripe Denim Dungarees";;SO440600;LW20579;;LW20579;5715493521752;;1;DUNGAREE;;;;"01 2026";;UNISEX;;2671;"Classic navy / Creme de la creme";;;;134;;;;;36;90;;;;;;;;;;;;;;;;;;;;;
;LIEWOOD;"Dayla Printed Denim Skirt";;SO440600;LW20581;;LW20581;5715493521912;;1;SKIRT;;;;"01 2026";;GIRL;;2667;"Sweethearts / light blue denim";;;;140;;;;;22;55;;;;;;;;;;;;;;;;;;;;;
;LIEWOOD;"Borrisa Printed Denim Shorts";;SO440600;LW20582;;LW20582;5715493521981;;1;SHORTS;;;;"01 2026";;UNISEX;;2667;"Sweethearts / light blue denim";;;;110;;;;;22;55;;;;;;;;;;;;;;;;;;;;;
;LIEWOOD;"Norelle Hardcase Suitcase";;SO440600;LW20628;;LW20628;5715493522537;;4;TRAVELBAG;;;;"01 2026";;UNISEX;;1232;"Peach / Sea shell";;;;"ONE SIZE";;;;;48;120;;;;;;;;;;;;;;;;;;;;;
;LIEWOOD;"Kenza Printed Denim Overshirt";;SO440600;LW20630;;LW20630;5715493522636;;1;OVERSHIRT;;;;"01 2026";;GIRL;;2667;"Sweethearts / light blue denim";;;;140;;;;;28;70;;;;;;;;;;;;;;;;;;;;;
;LIEWOOD;"Tyler Placement SS T-shirt";;SO440600;LW20637;;LW20637;5715493522766;;3;TSHIRT;;;;"01 2026";;UNISEX;;2641;"Sweethearts / Pale tuscany";;;;98/104;;;;;13.6;32;;;;;;;;;;;;;;;;;;;;;
;LIEWOOD;"Tyler Placement LS T-shirt";;SO440600;LW20638;;LW20638;5715493522872;;1;TSHIRT;;;;"01 2026";;UNISEX;;2634;"Cool kids / Beach blue";;;;134/140;;;;;13.6;34;;;;;;;;;;;;;;;;;;;;;
;LIEWOOD;"Borris Printed Denim Pants";;SO440600;LW20639;;LW20639;5715493523053;;1;PANTS;;;;"01 2026";;UNISEX;;2667;"Sweethearts / light blue denim";;;;140;;;;;24;60;;;;;;;;;;;;;;;;;;;;;
;LIEWOOD;"Borris Placement Denim Pants";;SO440600;LW20640;;LW20640;5715493523152;;1;PANTS;;;;"01 2026";;UNISEX;;2674;"Cool kids / Light blue denim";;;;140;;;;;24;60;;;;;;;;;;;;;;;;;;;;;
;LIEWOOD;"Angelica Printed Denim frill Dress";;SO440600;LW20641;;LW20641;5715493523251;;1;DRESS;;;;"01 2026";;GIRL;;2667;"Sweethearts / light blue denim";;;;140;;;;;28;70;;;;;;;;;;;;;;;;;;;;;
;LIEWOOD;"Bello Stripe Bikini";;SO440600;LW20646;;LW20646;5715493523633;;1;BIKINI;;;;"01 2026";;GIRL;;2659;"Coral blush / Creme de la creme";;;;140;;;;;22;50;;;;;;;;;;;;;;;;;;;;;
;LIEWOOD;"Alfredo Sweethearts Keychain";;SO440600;LW20650;;LW20650;5715493523763;;8;KEYCHAIN;;;;"01 2026";;GIRL;;9470;"Pale tuscany";;;;"ONE SIZE";;;;;7.2;18;;;;;;;;;;;;;;;;;;;;;
;LIEWOOD;"Suna Printed Swimsuit";;SO440600;LW20659;;LW20659;5715493523992;;1;SWIMSUIT;;;;"01 2026";;GIRL;;2607;"Dot / Dusty lavender";;;;128;;;;;18;45;;;;;;;;;;;;;;;;;;;;;
;LIEWOOD;"Angelica Stripe Denim Frill Dress";;SO440600;LW20669;;LW20669;5715493524425;;3;DRESS;;;;"01 2026";;GIRL;;2671;"Classic navy / Creme de la creme";;;;110;;;;;28;70;;;;;;;;;;;;;;;;;;;;;
;LIEWOOD;"Nieve Printed Longsleeve Rib T-shirt";;SO440600;LW20679;;LW20679;5715493525958;;1;TSHIRT;;;;"01 2026";;GIRL;;1836;"Leo spots / Mist";;;;86/92;;;;;12;30;;;;;;;;;;;;;;;;;;;;;
;LIEWOOD;"Thora Placement Sweatshirt";;SO440600;LW20681;;LW20681;5715493529659;;2;SWEATSHIRT;;;;"01 2026";;UNISEX;;2641;"Sweethearts / Pale tuscany";;;;110/116;;;;;18.8;47;;;;;;;;;;;;;;;;;;;;;
;LIEWOOD;"Anthony Baby Seersucker Swim Pants";;SO440600;LW20682;;LW20682;5715493526467;;2;SWIMPANTS;;;;"01 2026";;UNISEX;;2662;"Peppermint / Sandy";;;;92;;;;;14;35;;;;;;;;;;;;;;;;;;;;;
;LIEWOOD;"Borris Stripe Denim Pants";;SO440600;LW20690;;LW20690;5715493526849;;1;PANTS;;;;"01 2026";;UNISEX;;2671;"Classic navy / Creme de la creme";;;;140;;;;;24;60;;;;;;;;;;;;;;;;;;;;;
;LIEWOOD;"Borrisa Stripe Denim Shorts";;SO440600;LW20693;;LW20693;5715493527198;;1;SHORTS;;;;"01 2026";;UNISEX;;2671;"Classic navy / Creme de la creme";;;;98;;;;;22;55;;;;;;;;;;;;;;;;;;;;;
;LIEWOOD;"Tyler Stripe SS T-shirt";;SO440600;LW20725;;LW20725;5715493527426;;2;TSHIRT;;;;"01 2026";;UNISEX;;2673;"Riverside / Creme de la creme";;;;134/140;;;;;12.8;32;;;;;;;;;;;;;;;;;;;;;
;LIEWOOD;"Ilford Placement Set";;SO440600;LW20729;;LW20729;5715493527624;;2;SET;;;;"01 2026";;UNISEX;;2653;"Pufferfish / peppermint / mix";;;;122/128;;;;;16.8;42;;;;;;;;;;;;;;;;;;;;;
;LIEWOOD;"Opal Baby Cap";;SO440600;LW20735;;LW20735;5715493528027;;2;HATS/CAP;;;;"01 2026";;UNISEX;;5060;Sandy;;;;49;;;;;11.2;28;;;;;;;;;;;;;;;;;;;;;
;LIEWOOD;"Kinsley Placement Denim Overshirt";;SO440600;LW20934;;LW20934;5715493544799;;1;OVERSHIRT;;;;"01 2026";;BOY;;2674;"Cool kids / Light blue denim";;;;104;;;;;28;70;;;;;;;;;;;;;;;;;;;;;
;LIEWOOD;Freight;;SO440600;FREIGHT;;FREIGHT;5715493274610;;1;;;;;"03 2023";;;;;;;;;;;;;;10;0;;;;;;;;;;;;;;;;;;;;;
;LIEWOOD;"Monty Sandals";;SO440600;LW14740;;LW14740;5715493502393;;1;SANDALS;;;;"01 2026";;UNISEX;;2696;"Tuscany rose multi mix";;;;23;;;;;16;40;;;;;;;;;;;;;;;;;;;;;
;LIEWOOD;"Monty Sandals";;SO440600;LW14740;;LW14740;5715493502409;;1;SANDALS;;;;"01 2026";;UNISEX;;2696;"Tuscany rose multi mix";;;;24;;;;;16;40;;;;;;;;;;;;;;;;;;;;;
;LIEWOOD;"Monty Sandals";;SO440600;LW14740;;LW14740;5715493502416;;1;SANDALS;;;;"01 2026";;UNISEX;;2696;"Tuscany rose multi mix";;;;25;;;;;16;40;;;;;;;;;;;;;;;;;;;;;
;LIEWOOD;"Monty Sandals";;SO440600;LW14740;;LW14740;5715493502423;;1;SANDALS;;;;"01 2026";;UNISEX;;2696;"Tuscany rose multi mix";;;;26;;;;;16;40;;;;;;;;;;;;;;;;;;;;;
;LIEWOOD;"Monty Sandals";;SO440600;LW14740;;LW14740;5715493502430;;1;SANDALS;;;;"01 2026";;UNISEX;;2696;"Tuscany rose multi mix";;;;27;;;;;16;40;;;;;;;;;;;;;;;;;;;;;
;LIEWOOD;"Monty Sandals";;SO440600;LW14740;;LW14740;5715493502447;;1;SANDALS;;;;"01 2026";;UNISEX;;2696;"Tuscany rose multi mix";;;;28;;;;;16;40;;;;;;;;;;;;;;;;;;;;;
;LIEWOOD;"Monty Sandals";;SO440600;LW14740;;LW14740;5715493502454;;1;SANDALS;;;;"01 2026";;UNISEX;;2696;"Tuscany rose multi mix";;;;29;;;;;16;40;;;;;;;;;;;;;;;;;;;;;
;LIEWOOD;"Monty Sandals";;SO440600;LW14740;;LW14740;5715493502461;;1;SANDALS;;;;"01 2026";;UNISEX;;2696;"Tuscany rose multi mix";;;;30;;;;;16;40;;;;;;;;;;;;;;;;;;;;;
;LIEWOOD;"Monty Sandals";;SO440600;LW14740;;LW14740;5715493502478;;1;SANDALS;;;;"01 2026";;UNISEX;;2696;"Tuscany rose multi mix";;;;31;;;;;16;40;;;;;;;;;;;;;;;;;;;;;
;LIEWOOD;"Monty Sandals";;SO440600;LW14740;;LW14740;5715493502485;;1;SANDALS;;;;"01 2026";;UNISEX;;2696;"Tuscany rose multi mix";;;;32;;;;;16;40;;;;;;;;;;;;;;;;;;;;;
;LIEWOOD;"Monty Sandals";;SO440600;LW14740;;LW14740;5715493502492;;1;SANDALS;;;;"01 2026";;UNISEX;;2696;"Tuscany rose multi mix";;;;33;;;;;16;40;;;;;;;;;;;;;;;;;;;;;
;LIEWOOD;"Monty Sandals";;SO440600;LW14740;;LW14740;5715493502508;;1;SANDALS;;;;"01 2026";;UNISEX;;2696;"Tuscany rose multi mix";;;;34;;;;;16;40;;;;;;;;;;;;;;;;;;;;;
;LIEWOOD;"Monty Sandals";;SO440600;LW14740;;LW14740;5715493502188;;1;SANDALS;;;;"01 2026";;UNISEX;;2124;"Classic navy multi mix";;;;34;;;;;16;40;;;;;;;;;;;;;;;;;;;;;
;LIEWOOD;"Monty Sandals";;SO440600;LW14740;;LW14740;5715493502171;;1;SANDALS;;;;"01 2026";;UNISEX;;2124;"Classic navy multi mix";;;;33;;;;;16;40;;;;;;;;;;;;;;;;;;;;;
;LIEWOOD;"Monty Sandals";;SO440600;LW14740;;LW14740;5715493502164;;1;SANDALS;;;;"01 2026";;UNISEX;;2124;"Classic navy multi mix";;;;32;;;;;16;40;;;;;;;;;;;;;;;;;;;;;
;LIEWOOD;"Monty Sandals";;SO440600;LW14740;;LW14740;5715493502157;;1;SANDALS;;;;"01 2026";;UNISEX;;2124;"Classic navy multi mix";;;;31;;;;;16;40;;;;;;;;;;;;;;;;;;;;;
;LIEWOOD;"Monty Sandals";;SO440600;LW14740;;LW14740;5715493502140;;1;SANDALS;;;;"01 2026";;UNISEX;;2124;"Classic navy multi mix";;;;30;;;;;16;40;;;;;;;;;;;;;;;;;;;;;
;LIEWOOD;"Monty Sandals";;SO440600;LW14740;;LW14740;5715493502133;;1;SANDALS;;;;"01 2026";;UNISEX;;2124;"Classic navy multi mix";;;;29;;;;;16;40;;;;;;;;;;;;;;;;;;;;;
;LIEWOOD;"Monty Sandals";;SO440600;LW14740;;LW14740;5715493502126;;1;SANDALS;;;;"01 2026";;UNISEX;;2124;"Classic navy multi mix";;;;28;;;;;16;40;;;;;;;;;;;;;;;;;;;;;
;LIEWOOD;"Monty Sandals";;SO440600;LW14740;;LW14740;5715493502119;;1;SANDALS;;;;"01 2026";;UNISEX;;2124;"Classic navy multi mix";;;;27;;;;;16;40;;;;;;;;;;;;;;;;;;;;;
;LIEWOOD;"Monty Sandals";;SO440600;LW14740;;LW14740;5715493502102;;1;SANDALS;;;;"01 2026";;UNISEX;;2124;"Classic navy multi mix";;;;26;;;;;16;40;;;;;;;;;;;;;;;;;;;;;
;LIEWOOD;"Monty Sandals";;SO440600;LW14740;;LW14740;5715493502096;;1;SANDALS;;;;"01 2026";;UNISEX;;2124;"Classic navy multi mix";;;;25;;;;;16;40;;;;;;;;;;;;;;;;;;;;;
;LIEWOOD;"Monty Sandals";;SO440600;LW14740;;LW14740;5715493502089;;1;SANDALS;;;;"01 2026";;UNISEX;;2124;"Classic navy multi mix";;;;24;;;;;16;40;;;;;;;;;;;;;;;;;;;;;
;LIEWOOD;"Monty Sandals";;SO440600;LW14740;;LW14740;5715493502072;;1;SANDALS;;;;"01 2026";;UNISEX;;2124;"Classic navy multi mix";;;;23;;;;;16;40;;;;;;;;;;;;;;;;;;;;;
;LIEWOOD;"Monty Sandals";;SO440600;LW14740;;LW14740;5715493502065;;1;SANDALS;;;;"01 2026";;UNISEX;;2124;"Classic navy multi mix";;;;22;;;;;16;40;;;;;;;;;;;;;;;;;;;;;
;LIEWOOD;"Monty Sandals";;SO440600;LW14740;;LW14740;5715493502294;;1;SANDALS;;;;"01 2026";;UNISEX;;2695;"Peppermint multi mix";;;;29;;;;;16;40;;;;;;;;;;;;;;;;;;;;;
;LIEWOOD;"Danny Cap";;SO440600;LW17683;;LW17683;5715493450052;;4;HATS/CAP;;;;"01 2026";;UNISEX;;1041;"Tuscany rose / Pale tuscany";;;;55;;;;;10.8;27;;;;;;;;;;;;;;;;;;;;;
;LIEWOOD;"Danny Cap";;SO440600;LW17683;;LW17683;5715493450045;;4;HATS/CAP;;;;"01 2026";;UNISEX;;1041;"Tuscany rose / Pale tuscany";;;;53;;;;;10.8;27;;;;;;;;;;;;;;;;;;;;;
;LIEWOOD;"Danny Cap";;SO440600;LW17683;;LW17683;5715493505530;;4;HATS/CAP;;;;"01 2026";;UNISEX;;2347;"Dusty rose";;;;53;;;;;10.8;27;;;;;;;;;;;;;;;;;;;;;
;LIEWOOD;"Danny Cap";;SO440600;LW17683;;LW17683;5715493505547;;2;HATS/CAP;;;;"01 2026";;UNISEX;;2347;"Dusty rose";;;;55;;;;;10.8;27;;;;;;;;;;;;;;;;;;;;;
;LIEWOOD;"Danny Cap";;SO440600;LW17683;;LW17683;5715493505615;;4;HATS/CAP;;;;"01 2026";;UNISEX;;2625;"Riverside mix";;;;53;;;;;10.8;27;;;;;;;;;;;;;;;;;;;;;
;LIEWOOD;"Danny Cap";;SO440600;LW17683;;LW17683;5715493505622;;4;HATS/CAP;;;;"01 2026";;UNISEX;;2625;"Riverside mix";;;;55;;;;;10.8;27;;;;;;;;;;;;;;;;;;;;;
;LIEWOOD;"Danny Cap";;SO440600;LW17683;;LW17683;5715493505608;;4;HATS/CAP;;;;"01 2026";;UNISEX;;2625;"Riverside mix";;;;51;;;;;10.8;27;;;;;;;;;;;;;;;;;;;;;
;LIEWOOD;"Danny Cap";;SO440600;LW17683;;LW17683;5715493505561;;1;HATS/CAP;;;;"01 2026";;UNISEX;;2614;"Mini Butterfly / Apple blossom";;;;51;;;;;10.8;27;;;;;;;;;;;;;;;;;;;;;
;LIEWOOD;"Danny Cap";;SO440600;LW17683;;LW17683;5715493505523;;4;HATS/CAP;;;;"01 2026";;UNISEX;;2347;"Dusty rose";;;;51;;;;;10.8;27;;;;;;;;;;;;;;;;;;;;;
;LIEWOOD;"Danny Cap";;SO440600;LW17683;;LW17683;5715493450038;;4;HATS/CAP;;;;"01 2026";;UNISEX;;1041;"Tuscany rose / Pale tuscany";;;;51;;;;;10.8;27;;;;;;;;;;;;;;;;;;;;;
;LIEWOOD;"Amelia Anglaise Sun Hat";;SO440600;LW17684;;LW17684;5715335241053;;4;HATS/CAP;;;;"01 2026";;GIRL;;5060;Sandy;;;;"1/2 Y";;;;;12.4;31;;;;;;;;;;;;;;;;;;;;;
;LIEWOOD;"Gorm Reversible Sun Hat w Ears";;SO440600;LW17698;;LW17698;5715493253592;;4;HATS/CAP;;;;"01 2026";;UNISEX;;1989;"Peach Seashell / Pale tuscany";;;;"1/2 Y";;;;;11.6;29;;;;;;;;;;;;;;;;;;;;;
;LIEWOOD;"Gorm Reversible Sun Hat w Ears";;SO440600;LW17698;;LW17698;5715493253608;;4;HATS/CAP;;;;"01 2026";;UNISEX;;1989;"Peach Seashell / Pale tuscany";;;;"3/4 Y";;;;;11.6;29;;;;;;;;;;;;;;;;;;;;;
;LIEWOOD;"Dove Swim Vest";;SO440600;LW19588;;LW19588;5715493369767;;2;"SWIM VEST";;;;"01 2026";;UNISEX;;1232;"Peach / Sea shell";;;;"19-30 KG";;;;;20;50;;;;;;;;;;;;;;;;;;;;;
;LIEWOOD;"Dove Swim Vest";;SO440600;LW19588;;LW19588;5715493369743;;2;"SWIM VEST";;;;"01 2026";;UNISEX;;1232;"Peach / Sea shell";;;;"11-15 KG";;;;;20;50;;;;;;;;;;;;;;;;;;;;;
;LIEWOOD;"Dove Swim Vest";;SO440600;LW19588;;LW19588;5715493530983;;2;"SWIM VEST";;;;"01 2026";;UNISEX;;2619;"Shark / Dove blue";;;;"11-15 KG";;;;;20;50;;;;;;;;;;;;;;;;;;;;;
;LIEWOOD;"Dove Swim Vest";;SO440600;LW19588;;LW19588;5715493530990;;2;"SWIM VEST";;;;"01 2026";;UNISEX;;2619;"Shark / Dove blue";;;;"15-19 KG";;;;;20;50;;;;;;;;;;;;;;;;;;;;;
;LIEWOOD;"Dove Swim Vest";;SO440600;LW19588;;LW19588;5715493531003;;2;"SWIM VEST";;;;"01 2026";;UNISEX;;2619;"Shark / Dove blue";;;;"19-30 KG";;;;;20;50;;;;;;;;;;;;;;;;;;;;;
;LIEWOOD;"Milas Sandals";;SO440600;LW19659;;LW19659;5715493419752;;1;SANDALS;;;;"01 2026";;UNISEX;;1064;"Whale blue mix";;;;30;;;;;12;30;;;;;;;;;;;;;;;;;;;;;
;LIEWOOD;"Milas Sandals";;SO440600;LW19659;;LW19659;5715493419769;;1;SANDALS;;;;"01 2026";;UNISEX;;1064;"Whale blue mix";;;;31;;;;;12;30;;;;;;;;;;;;;;;;;;;;;
;LIEWOOD;"Milas Sandals";;SO440600;LW19659;;LW19659;5715493419738;;1;SANDALS;;;;"01 2026";;UNISEX;;1064;"Whale blue mix";;;;28;;;;;12;30;;;;;;;;;;;;;;;;;;;;;
;LIEWOOD;"Milas Sandals";;SO440600;LW19659;;LW19659;5715493419721;;1;SANDALS;;;;"01 2026";;UNISEX;;1064;"Whale blue mix";;;;27;;;;;12;30;;;;;;;;;;;;;;;;;;;;;
;LIEWOOD;"Milas Sandals";;SO440600;LW19659;;LW19659;5715493508289;;1;SANDALS;;;;"01 2026";;UNISEX;;1431;"Pale tuscany mix";;;;27;;;;;12;30;;;;;;;;;;;;;;;;;;;;;
;LIEWOOD;"Milas Sandals";;SO440600;LW19659;;LW19659;5715493508296;;1;SANDALS;;;;"01 2026";;UNISEX;;1431;"Pale tuscany mix";;;;28;;;;;12;30;;;;;;;;;;;;;;;;;;;;;
;LIEWOOD;"Milas Sandals";;SO440600;LW19659;;LW19659;5715493508302;;1;SANDALS;;;;"01 2026";;UNISEX;;1431;"Pale tuscany mix";;;;29;;;;;12;30;;;;;;;;;;;;;;;;;;;;;
;LIEWOOD;"Milas Sandals";;SO440600;LW19659;;LW19659;5715493508319;;1;SANDALS;;;;"01 2026";;UNISEX;;1431;"Pale tuscany mix";;;;30;;;;;12;30;;;;;;;;;;;;;;;;;;;;;
;LIEWOOD;"Milas Sandals";;SO440600;LW19659;;LW19659;5715493508326;;1;SANDALS;;;;"01 2026";;UNISEX;;1431;"Pale tuscany mix";;;;31;;;;;12;30;;;;;;;;;;;;;;;;;;;;;
;LIEWOOD;"Milas Sandals";;SO440600;LW19659;;LW19659;5715493508333;;1;SANDALS;;;;"01 2026";;UNISEX;;1431;"Pale tuscany mix";;;;32;;;;;12;30;;;;;;;;;;;;;;;;;;;;;
;LIEWOOD;"Milas Sandals";;SO440600;LW19659;;LW19659;5715493419776;;1;SANDALS;;;;"01 2026";;UNISEX;;1064;"Whale blue mix";;;;32;;;;;12;30;;;;;;;;;;;;;;;;;;;;;
;LIEWOOD;"Milas Sandals";;SO440600;LW19659;;LW19659;5715493419783;;1;SANDALS;;;;"01 2026";;UNISEX;;1064;"Whale blue mix";;;;33;;;;;12;30;;;;;;;;;;;;;;;;;;;;;
;LIEWOOD;"Milas Sandals";;SO440600;LW19659;;LW19659;5715493508340;;1;SANDALS;;;;"01 2026";;UNISEX;;1431;"Pale tuscany mix";;;;33;;;;;12;30;;;;;;;;;;;;;;;;;;;;;
;LIEWOOD;"Milas Sandals";;SO440600;LW19659;;LW19659;5715493419790;;1;SANDALS;;;;"01 2026";;UNISEX;;1064;"Whale blue mix";;;;34;;;;;12;30;;;;;;;;;;;;;;;;;;;;;
;LIEWOOD;"Milas Sandals";;SO440600;LW19659;;LW19659;5715493508357;;1;SANDALS;;;;"01 2026";;UNISEX;;1431;"Pale tuscany mix";;;;34;;;;;12;30;;;;;;;;;;;;;;;;;;;;;
;LIEWOOD;"Milas Sandals";;SO440600;LW19659;;LW19659;5715493419714;;1;SANDALS;;;;"01 2026";;UNISEX;;1064;"Whale blue mix";;;;26;;;;;12;30;;;;;;;;;;;;;;;;;;;;;
;LIEWOOD;"Milas Sandals";;SO440600;LW19659;;LW19659;5715493508272;;1;SANDALS;;;;"01 2026";;UNISEX;;1431;"Pale tuscany mix";;;;26;;;;;12;30;;;;;;;;;;;;;;;;;;;;;
;LIEWOOD;"Sanjia Flounce Sea Shoe";;SO440600;LW19783;;LW19783;5715493509606;;1;"SWIM SHOE";;;;"01 2026";;GIRL;;2614;"Mini Butterfly / Apple blossom";;;;23;;;;;13.2;33;;;;;;;;;;;;;;;;;;;;;
;LIEWOOD;"Sanjia Flounce Sea Shoe";;SO440600;LW19783;;LW19783;5715493509613;;1;"SWIM SHOE";;;;"01 2026";;GIRL;;2614;"Mini Butterfly / Apple blossom";;;;24;;;;;13.2;33;;;;;;;;;;;;;;;;;;;;;
;LIEWOOD;"Sanjia Flounce Sea Shoe";;SO440600;LW19783;;LW19783;5715493509620;;1;"SWIM SHOE";;;;"01 2026";;GIRL;;2614;"Mini Butterfly / Apple blossom";;;;25;;;;;13.2;33;;;;;;;;;;;;;;;;;;;;;
;LIEWOOD;"Sanjia Flounce Sea Shoe";;SO440600;LW19783;;LW19783;5715493509637;;1;"SWIM SHOE";;;;"01 2026";;GIRL;;2614;"Mini Butterfly / Apple blossom";;;;26;;;;;13.2;33;;;;;;;;;;;;;;;;;;;;;
;LIEWOOD;"Sanjia Flounce Sea Shoe";;SO440600;LW19783;;LW19783;5715493509644;;1;"SWIM SHOE";;;;"01 2026";;GIRL;;2614;"Mini Butterfly / Apple blossom";;;;27;;;;;13.2;33;;;;;;;;;;;;;;;;;;;;;
;LIEWOOD;"Sanjia Flounce Sea Shoe";;SO440600;LW19783;;LW19783;5715493509651;;1;"SWIM SHOE";;;;"01 2026";;GIRL;;2614;"Mini Butterfly / Apple blossom";;;;28;;;;;13.2;33;;;;;;;;;;;;;;;;;;;;;
;LIEWOOD;"Sanjia Flounce Sea Shoe";;SO440600;LW19783;;LW19783;5715493509668;;2;"SWIM SHOE";;;;"01 2026";;GIRL;;2614;"Mini Butterfly / Apple blossom";;;;29;;;;;13.2;33;;;;;;;;;;;;;;;;;;;;;
;LIEWOOD;"Sanjia Flounce Sea Shoe";;SO440600;LW19783;;LW19783;5715493509675;;2;"SWIM SHOE";;;;"01 2026";;GIRL;;2614;"Mini Butterfly / Apple blossom";;;;30;;;;;13.2;33;;;;;;;;;;;;;;;;;;;;;
;LIEWOOD;"Manilla Baby Swim Pants";;SO440600;LW19866;;LW19866;5715493431969;;2;SWIMPANTS;;;;"01 2026";;GIRL;;1232;"Peach / Sea shell";;;;86;;;;;12.8;32;;;;;;;;;;;;;;;;;;;;;
;LIEWOOD;"Quinn Wireless Headphones";;SO440600;LW19891;;LW19891;5715493438913;;4;"MUSIC INSTRUMENT";;;;"01 2026";;UNISEX;;2449;"Peppermint mix";;;;"ONE SIZE";;;;;20;50;;;;;;;;;;;;;;;;;;;;;
;LIEWOOD;"Tenley Printed Swim Tee";;SO440600;LW19979;;LW19979;5715493446284;;1;"SWIM TEE";;;;"01 2026";;GIRL;;1232;"Peach / Sea shell";;;;104;;;;;16;40;;;;;;;;;;;;;;;;;;;;;
;LIEWOOD;"Tenley Printed Swim Tee";;SO440600;LW19979;;LW19979;5715493446291;;1;"SWIM TEE";;;;"01 2026";;GIRL;;1232;"Peach / Sea shell";;;;110;;;;;16;40;;;;;;;;;;;;;;;;;;;;;
;LIEWOOD;"Tenley Printed Swim Tee";;SO440600;LW19979;;LW19979;5715493446307;;1;"SWIM TEE";;;;"01 2026";;GIRL;;1232;"Peach / Sea shell";;;;116;;;;;16;40;;;;;;;;;;;;;;;;;;;;;
;LIEWOOD;"Tenley Printed Swim Tee";;SO440600;LW19979;;LW19979;5715493446314;;1;"SWIM TEE";;;;"01 2026";;GIRL;;1232;"Peach / Sea shell";;;;122;;;;;16;40;;;;;;;;;;;;;;;;;;;;;
;LIEWOOD;"Duke Printed Board Shorts";;SO440600;LW20068;;LW20068;5715493516291;;2;"BOARD SHORTS";;;;"01 2026";;BOY;;2632;"Peppermint multi mix";;;;116;;;;;14;35;;;;;;;;;;;;;;;;;;;;;
;LIEWOOD;"Duke Printed Board Shorts";;SO440600;LW20068;;LW20068;5715493516307;;2;"BOARD SHORTS";;;;"01 2026";;BOY;;2632;"Peppermint multi mix";;;;122;;;;;14;35;;;;;;;;;;;;;;;;;;;;;
;LIEWOOD;"Duke Printed Board Shorts";;SO440600;LW20068;;LW20068;5715493516314;;2;"BOARD SHORTS";;;;"01 2026";;BOY;;2632;"Peppermint multi mix";;;;128;;;;;14;35;;;;;;;;;;;;;;;;;;;;;
;LIEWOOD;"Duke Printed Board Shorts";;SO440600;LW20068;;LW20068;5715493516321;;2;"BOARD SHORTS";;;;"01 2026";;BOY;;2632;"Peppermint multi mix";;;;134;;;;;14;35;;;;;;;;;;;;;;;;;;;;;
;LIEWOOD;"Duke Printed Board Shorts";;SO440600;LW20068;;LW20068;5715493516338;;2;"BOARD SHORTS";;;;"01 2026";;BOY;;2632;"Peppermint multi mix";;;;140;;;;;14;35;;;;;;;;;;;;;;;;;;;;;
;LIEWOOD;"Duke Printed Board Shorts";;SO440600;LW20068;;LW20068;5715493516277;;2;"BOARD SHORTS";;;;"01 2026";;BOY;;2632;"Peppermint multi mix";;;;104;;;;;14;35;;;;;;;;;;;;;;;;;;;;;
;LIEWOOD;"Darla Mr Bear Sunglasses 4-10 Y";;SO440600;LW20084;;LW20084;5715493516352;;4;EYEWEAR;;;;"01 2026";;UNISEX;;2691;"Peppermint transparent";;;;"ONE SIZE";;;;;12.4;31;;;;;;;;;;;;;;;;;;;;;
;LIEWOOD;"Darla Sunglasses 4-10 Y";;SO440600;LW20087;;LW20087;5715493454067;;4;EYEWEAR;;;;"01 2026";;UNISEX;;2452;"Rose transparent";;;;"ONE SIZE";;;;;12.4;31;;;;;;;;;;;;;;;;;;;;;
;LIEWOOD;"Darla Sunglasses 4-10 Y";;SO440600;LW20087;;LW20087;5715493454098;;4;EYEWEAR;;;;"01 2026";;UNISEX;;2496;"Whale Blue transparent";;;;"ONE SIZE";;;;;12.4;31;;;;;;;;;;;;;;;;;;;;;
;LIEWOOD;"Claudina Sneakers";;SO440600;LW20329;;LW20329;5715493517106;;1;SNEAKERS;;;;"01 2026";;UNISEX;;2683;"Rose / Riverside";;;;34;;;;;22;55;;;;;;;;;;;;;;;;;;;;;
;LIEWOOD;"Claudina Sneakers";;SO440600;LW20329;;LW20329;5715493517090;;1;SNEAKERS;;;;"01 2026";;UNISEX;;2683;"Rose / Riverside";;;;33;;;;;22;55;;;;;;;;;;;;;;;;;;;;;
;LIEWOOD;"Claudina Sneakers";;SO440600;LW20329;;LW20329;5715493517083;;1;SNEAKERS;;;;"01 2026";;UNISEX;;2683;"Rose / Riverside";;;;32;;;;;22;55;;;;;;;;;;;;;;;;;;;;;
;LIEWOOD;"Claudina Sneakers";;SO440600;LW20329;;LW20329;5715493517076;;1;SNEAKERS;;;;"01 2026";;UNISEX;;2683;"Rose / Riverside";;;;31;;;;;22;55;;;;;;;;;;;;;;;;;;;;;
;LIEWOOD;"Claudina Sneakers";;SO440600;LW20329;;LW20329;5715493517069;;1;SNEAKERS;;;;"01 2026";;UNISEX;;2683;"Rose / Riverside";;;;30;;;;;22;55;;;;;;;;;;;;;;;;;;;;;
;LIEWOOD;"Claudina Sneakers";;SO440600;LW20329;;LW20329;5715493517052;;2;SNEAKERS;;;;"01 2026";;UNISEX;;2683;"Rose / Riverside";;;;29;;;;;22;55;;;;;;;;;;;;;;;;;;;;;
;LIEWOOD;"Claudina Sneakers";;SO440600;LW20329;;LW20329;5715493517045;;1;SNEAKERS;;;;"01 2026";;UNISEX;;2683;"Rose / Riverside";;;;28;;;;;22;55;;;;;;;;;;;;;;;;;;;;;
;LIEWOOD;"Claudina Sneakers";;SO440600;LW20329;;LW20329;5715493517038;;1;SNEAKERS;;;;"01 2026";;UNISEX;;2683;"Rose / Riverside";;;;27;;;;;22;55;;;;;;;;;;;;;;;;;;;;;
;LIEWOOD;"Claudina Sneakers";;SO440600;LW20329;;LW20329;5715493517021;;1;SNEAKERS;;;;"01 2026";;UNISEX;;2683;"Rose / Riverside";;;;26;;;;;22;55;;;;;;;;;;;;;;;;;;;;;
;LIEWOOD;"Tyler Stripe LS T-shirt";;SO440600;LW20354;;LW20354;5715493517250;;2;TSHIRT;;;;"01 2026";;UNISEX;;2023;"Y/D stipes Classic navy / Creme de la creme";;;;110/116;;;;;13.6;34;;;;;;;;;;;;;;;;;;;;;
;LIEWOOD;"Tyler Stripe LS T-shirt";;SO440600;LW20354;;LW20354;5715493517267;;1;TSHIRT;;;;"01 2026";;UNISEX;;2023;"Y/D stipes Classic navy / Creme de la creme";;;;122/128;;;;;13.6;34;;;;;;;;;;;;;;;;;;;;;
;LIEWOOD;"Tyler Stripe LS T-shirt";;SO440600;LW20354;;LW20354;5715493517298;;1;TSHIRT;;;;"01 2026";;UNISEX;;2670;"Heart Tuscany rose / Creme de la creme";;;;98/104;;;;;13.6;34;;;;;;;;;;;;;;;;;;;;;
;LIEWOOD;"Tyler Stripe LS T-shirt";;SO440600;LW20354;;LW20354;5715493517281;;1;TSHIRT;;;;"01 2026";;UNISEX;;2670;"Heart Tuscany rose / Creme de la creme";;;;86/92;;;;;13.6;34;;;;;;;;;;;;;;;;;;;;;
;LIEWOOD;"Tyler Stripe LS T-shirt";;SO440600;LW20354;;LW20354;5715493517311;;1;TSHIRT;;;;"01 2026";;UNISEX;;2670;"Heart Tuscany rose / Creme de la creme";;;;122/128;;;;;13.6;34;;;;;;;;;;;;;;;;;;;;;
;LIEWOOD;"Della Cap";;SO440600;LW20390;;LW20390;5715493517458;;4;HATS/CAP;;;;"01 2026";;UNISEX;;2383;"Classic navy multi mix";;;;55;;;;;10.8;27;;;;;;;;;;;;;;;;;;;;;
;LIEWOOD;"Della Cap";;SO440600;LW20390;;LW20390;5715493517496;;4;HATS/CAP;;;;"01 2026";;UNISEX;;2632;"Peppermint multi mix";;;;55;;;;;10.8;27;;;;;;;;;;;;;;;;;;;;;
;LIEWOOD;"Della Cap";;SO440600;LW20390;;LW20390;5715493517489;;4;HATS/CAP;;;;"01 2026";;UNISEX;;2632;"Peppermint multi mix";;;;53;;;;;10.8;27;;;;;;;;;;;;;;;;;;;;;
;LIEWOOD;"Della Cap";;SO440600;LW20390;;LW20390;5715493517441;;4;HATS/CAP;;;;"01 2026";;UNISEX;;2383;"Classic navy multi mix";;;;53;;;;;10.8;27;;;;;;;;;;;;;;;;;;;;;
;LIEWOOD;"Della Cap";;SO440600;LW20390;;LW20390;5715493517403;;4;HATS/CAP;;;;"01 2026";;UNISEX;;2304;"Tuscany rose multi mix";;;;53;;;;;10.8;27;;;;;;;;;;;;;;;;;;;;;
;LIEWOOD;"Della Cap";;SO440600;LW20390;;LW20390;5715493517397;;4;HATS/CAP;;;;"01 2026";;UNISEX;;2304;"Tuscany rose multi mix";;;;51;;;;;10.8;27;;;;;;;;;;;;;;;;;;;;;
;LIEWOOD;"Della Cap";;SO440600;LW20390;;LW20390;5715493517434;;4;HATS/CAP;;;;"01 2026";;UNISEX;;2383;"Classic navy multi mix";;;;51;;;;;10.8;27;;;;;;;;;;;;;;;;;;;;;
;LIEWOOD;"Della Cap";;SO440600;LW20390;;LW20390;5715493517472;;4;HATS/CAP;;;;"01 2026";;UNISEX;;2632;"Peppermint multi mix";;;;51;;;;;10.8;27;;;;;;;;;;;;;;;;;;;;;
;LIEWOOD;"Ilford Set w Frills";;SO440600;LW20472;;LW20472;5715493521196;;4;SET;;;;"01 2026";;GIRL;;2475;"Peach mini / Sea shell";;;;122/128;;;;;18;45;;;;;;;;;;;;;;;;;;;;;
;LIEWOOD;"Ilford Set w Frills";;SO440600;LW20472;;LW20472;5715493521172;;4;SET;;;;"01 2026";;GIRL;;2475;"Peach mini / Sea shell";;;;98/104;;;;;18;45;;;;;;;;;;;;;;;;;;;;;
;LIEWOOD;"Ilford Set w Frills";;SO440600;LW20472;;LW20472;5715493521165;;2;SET;;;;"01 2026";;GIRL;;2475;"Peach mini / Sea shell";;;;86/92;;;;;18;45;;;;;;;;;;;;;;;;;;;;;
;LIEWOOD;"Ilford Set w Frills";;SO440600;LW20472;;LW20472;5715493521202;;2;SET;;;;"01 2026";;GIRL;;2475;"Peach mini / Sea shell";;;;134/140;;;;;18;45;;;;;;;;;;;;;;;;;;;;;
;LIEWOOD;"Dove  Swim Vest w Frill";;SO440600;LW20501;;LW20501;5715493531720;;2;"SWIM VEST";;;;"01 2026";;GIRL;;2606;"Butterfly / Apple blossom";;;;"15-19 KG";;;;;20;50;;;;;;;;;;;;;;;;;;;;;
;LIEWOOD;"Dove  Swim Vest w Frill";;SO440600;LW20501;;LW20501;5715493545208;;2;"SWIM VEST";;;;"01 2026";;GIRL;;2608;"Flower / Lemon yellow";;;;"11-15 KG";;;;;20;50;;;;;;;;;;;;;;;;;;;;;
;LIEWOOD;"Dove  Swim Vest w Frill";;SO440600;LW20501;;LW20501;5715493545215;;2;"SWIM VEST";;;;"01 2026";;GIRL;;2608;"Flower / Lemon yellow";;;;"15-19 KG";;;;;20;50;;;;;;;;;;;;;;;;;;;;;
;LIEWOOD;"Mollie Dress";;SO440600;LW20516;;LW20516;5715493521561;;2;DRESS;;;;"01 2026";;GIRL;;2608;"Flower / Lemon yellow";;;;98/104;;;;;18;45;;;;;;;;;;;;;;;;;;;;;
;LIEWOOD;"Delani Stripe Denim Dungarees";;SO440600;LW20579;;LW20579;5715493521745;;1;DUNGAREE;;;;"01 2026";;UNISEX;;2671;"Classic navy / Creme de la creme";;;;128;;;;;36;90;;;;;;;;;;;;;;;;;;;;;
;LIEWOOD;"Delani Stripe Denim Dungarees";;SO440600;LW20579;;LW20579;5715493521714;;1;DUNGAREE;;;;"01 2026";;UNISEX;;2671;"Classic navy / Creme de la creme";;;;110;;;;;36;90;;;;;;;;;;;;;;;;;;;;;
;LIEWOOD;"Delani Stripe Denim Dungarees";;SO440600;LW20579;;LW20579;5715493521707;;1;DUNGAREE;;;;"01 2026";;UNISEX;;2671;"Classic navy / Creme de la creme";;;;104;;;;;36;90;;;;;;;;;;;;;;;;;;;;;
;LIEWOOD;"Delani Stripe Denim Dungarees";;SO440600;LW20579;;LW20579;5715493521691;;1;DUNGAREE;;;;"01 2026";;UNISEX;;2671;"Classic navy / Creme de la creme";;;;98;;;;;36;90;;;;;;;;;;;;;;;;;;;;;
;LIEWOOD;"Delani Stripe Denim Dungarees";;SO440600;LW20579;;LW20579;5715493545284;;1;DUNGAREE;;;;"01 2026";;UNISEX;;2671;"Classic navy / Creme de la creme";;;;92;;;;;36;90;;;;;;;;;;;;;;;;;;;;;
;LIEWOOD;"Delani Stripe Denim Dungarees";;SO440600;LW20579;;LW20579;5715493545277;;1;DUNGAREE;;;;"01 2026";;UNISEX;;2671;"Classic navy / Creme de la creme";;;;86;;;;;36;90;;;;;;;;;;;;;;;;;;;;;
;LIEWOOD;"Dayla Printed Denim Skirt";;SO440600;LW20581;;LW20581;5715493521905;;1;SKIRT;;;;"01 2026";;GIRL;;2667;"Sweethearts / light blue denim";;;;134;;;;;22;55;;;;;;;;;;;;;;;;;;;;;
;LIEWOOD;"Dayla Printed Denim Skirt";;SO440600;LW20581;;LW20581;5715493521899;;1;SKIRT;;;;"01 2026";;GIRL;;2667;"Sweethearts / light blue denim";;;;128;;;;;22;55;;;;;;;;;;;;;;;;;;;;;
;LIEWOOD;"Dayla Printed Denim Skirt";;SO440600;LW20581;;LW20581;5715493521882;;1;SKIRT;;;;"01 2026";;GIRL;;2667;"Sweethearts / light blue denim";;;;122;;;;;22;55;;;;;;;;;;;;;;;;;;;;;
;LIEWOOD;"Dayla Printed Denim Skirt";;SO440600;LW20581;;LW20581;5715493521875;;1;SKIRT;;;;"01 2026";;GIRL;;2667;"Sweethearts / light blue denim";;;;116;;;;;22;55;;;;;;;;;;;;;;;;;;;;;
;LIEWOOD;"Dayla Printed Denim Skirt";;SO440600;LW20581;;LW20581;5715493521868;;1;SKIRT;;;;"01 2026";;GIRL;;2667;"Sweethearts / light blue denim";;;;110;;;;;22;55;;;;;;;;;;;;;;;;;;;;;
;LIEWOOD;"Dayla Printed Denim Skirt";;SO440600;LW20581;;LW20581;5715493521851;;1;SKIRT;;;;"01 2026";;GIRL;;2667;"Sweethearts / light blue denim";;;;104;;;;;22;55;;;;;;;;;;;;;;;;;;;;;
;LIEWOOD;"Dayla Printed Denim Skirt";;SO440600;LW20581;;LW20581;5715493521844;;1;SKIRT;;;;"01 2026";;GIRL;;2667;"Sweethearts / light blue denim";;;;98;;;;;22;55;;;;;;;;;;;;;;;;;;;;;
;LIEWOOD;"Dayla Printed Denim Skirt";;SO440600;LW20581;;LW20581;5715493521837;;1;SKIRT;;;;"01 2026";;GIRL;;2667;"Sweethearts / light blue denim";;;;92;;;;;22;55;;;;;;;;;;;;;;;;;;;;;
;LIEWOOD;"Dayla Printed Denim Skirt";;SO440600;LW20581;;LW20581;5715493521820;;1;SKIRT;;;;"01 2026";;GIRL;;2667;"Sweethearts / light blue denim";;;;86;;;;;22;55;;;;;;;;;;;;;;;;;;;;;
;LIEWOOD;"Borrisa Printed Denim Shorts";;SO440600;LW20582;;LW20582;5715493521998;;1;SHORTS;;;;"01 2026";;UNISEX;;2667;"Sweethearts / light blue denim";;;;116;;;;;22;55;;;;;;;;;;;;;;;;;;;;;
;LIEWOOD;"Borrisa Printed Denim Shorts";;SO440600;LW20582;;LW20582;5715493522001;;1;SHORTS;;;;"01 2026";;UNISEX;;2667;"Sweethearts / light blue denim";;;;122;;;;;22;55;;;;;;;;;;;;;;;;;;;;;
;LIEWOOD;"Borrisa Printed Denim Shorts";;SO440600;LW20582;;LW20582;5715493522018;;1;SHORTS;;;;"01 2026";;UNISEX;;2667;"Sweethearts / light blue denim";;;;128;;;;;22;55;;;;;;;;;;;;;;;;;;;;;
;LIEWOOD;"Borrisa Printed Denim Shorts";;SO440600;LW20582;;LW20582;5715493522025;;1;SHORTS;;;;"01 2026";;UNISEX;;2667;"Sweethearts / light blue denim";;;;134;;;;;22;55;;;;;;;;;;;;;;;;;;;;;
;LIEWOOD;"Borrisa Printed Denim Shorts";;SO440600;LW20582;;LW20582;5715493522032;;1;SHORTS;;;;"01 2026";;UNISEX;;2667;"Sweethearts / light blue denim";;;;140;;;;;22;55;;;;;;;;;;;;;;;;;;;;;
;LIEWOOD;"Borrisa Printed Denim Shorts";;SO440600;LW20582;;LW20582;5715493521974;;1;SHORTS;;;;"01 2026";;UNISEX;;2667;"Sweethearts / light blue denim";;;;104;;;;;22;55;;;;;;;;;;;;;;;;;;;;;
;LIEWOOD;"Borrisa Printed Denim Shorts";;SO440600;LW20582;;LW20582;5715493521967;;1;SHORTS;;;;"01 2026";;UNISEX;;2667;"Sweethearts / light blue denim";;;;98;;;;;22;55;;;;;;;;;;;;;;;;;;;;;
;LIEWOOD;"Borrisa Printed Denim Shorts";;SO440600;LW20582;;LW20582;5715493521950;;1;SHORTS;;;;"01 2026";;UNISEX;;2667;"Sweethearts / light blue denim";;;;92;;;;;22;55;;;;;;;;;;;;;;;;;;;;;
;LIEWOOD;"Kenza Printed Denim Overshirt";;SO440600;LW20630;;LW20630;5715493522629;;1;OVERSHIRT;;;;"01 2026";;GIRL;;2667;"Sweethearts / light blue denim";;;;134;;;;;28;70;;;;;;;;;;;;;;;;;;;;;
;LIEWOOD;"Kenza Printed Denim Overshirt";;SO440600;LW20630;;LW20630;5715493522612;;1;OVERSHIRT;;;;"01 2026";;GIRL;;2667;"Sweethearts / light blue denim";;;;128;;;;;28;70;;;;;;;;;;;;;;;;;;;;;
;LIEWOOD;"Kenza Printed Denim Overshirt";;SO440600;LW20630;;LW20630;5715493522605;;1;OVERSHIRT;;;;"01 2026";;GIRL;;2667;"Sweethearts / light blue denim";;;;122;;;;;28;70;;;;;;;;;;;;;;;;;;;;;
;LIEWOOD;"Kenza Printed Denim Overshirt";;SO440600;LW20630;;LW20630;5715493522599;;1;OVERSHIRT;;;;"01 2026";;GIRL;;2667;"Sweethearts / light blue denim";;;;116;;;;;28;70;;;;;;;;;;;;;;;;;;;;;
;LIEWOOD;"Kenza Printed Denim Overshirt";;SO440600;LW20630;;LW20630;5715493522582;;1;OVERSHIRT;;;;"01 2026";;GIRL;;2667;"Sweethearts / light blue denim";;;;110;;;;;28;70;;;;;;;;;;;;;;;;;;;;;
;LIEWOOD;"Kenza Printed Denim Overshirt";;SO440600;LW20630;;LW20630;5715493522575;;1;OVERSHIRT;;;;"01 2026";;GIRL;;2667;"Sweethearts / light blue denim";;;;104;;;;;28;70;;;;;;;;;;;;;;;;;;;;;
;LIEWOOD;"Kenza Printed Denim Overshirt";;SO440600;LW20630;;LW20630;5715493522568;;1;OVERSHIRT;;;;"01 2026";;GIRL;;2667;"Sweethearts / light blue denim";;;;98;;;;;28;70;;;;;;;;;;;;;;;;;;;;;
;LIEWOOD;"Kenza Printed Denim Overshirt";;SO440600;LW20630;;LW20630;5715493522551;;1;OVERSHIRT;;;;"01 2026";;GIRL;;2667;"Sweethearts / light blue denim";;;;92;;;;;28;70;;;;;;;;;;;;;;;;;;;;;
;LIEWOOD;"Tyler Placement SS T-shirt";;SO440600;LW20637;;LW20637;5715493522780;;2;TSHIRT;;;;"01 2026";;UNISEX;;2641;"Sweethearts / Pale tuscany";;;;122/128;;;;;13.6;32;;;;;;;;;;;;;;;;;;;;;
;LIEWOOD;"Tyler Placement SS T-shirt";;SO440600;LW20637;;LW20637;5715493522797;;4;TSHIRT;;;;"01 2026";;UNISEX;;2641;"Sweethearts / Pale tuscany";;;;134/140;;;;;13.6;32;;;;;;;;;;;;;;;;;;;;;
;LIEWOOD;"Tyler Placement LS T-shirt";;SO440600;LW20638;;LW20638;5715493522865;;1;TSHIRT;;;;"01 2026";;UNISEX;;2634;"Cool kids / Beach blue";;;;122/128;;;;;13.6;34;;;;;;;;;;;;;;;;;;;;;
;LIEWOOD;"Tyler Placement LS T-shirt";;SO440600;LW20638;;LW20638;5715493522858;;1;TSHIRT;;;;"01 2026";;UNISEX;;2634;"Cool kids / Beach blue";;;;110/116;;;;;13.6;34;;;;;;;;;;;;;;;;;;;;;
;LIEWOOD;"Tyler Placement LS T-shirt";;SO440600;LW20638;;LW20638;5715493522841;;1;TSHIRT;;;;"01 2026";;UNISEX;;2634;"Cool kids / Beach blue";;;;98/104;;;;;13.6;34;;;;;;;;;;;;;;;;;;;;;
;LIEWOOD;"Tyler Placement LS T-shirt";;SO440600;LW20638;;LW20638;5715493522834;;1;TSHIRT;;;;"01 2026";;UNISEX;;2634;"Cool kids / Beach blue";;;;86/92;;;;;13.6;34;;;;;;;;;;;;;;;;;;;;;
;LIEWOOD;"Borris Printed Denim Pants";;SO440600;LW20639;;LW20639;5715493523046;;1;PANTS;;;;"01 2026";;UNISEX;;2667;"Sweethearts / light blue denim";;;;134;;;;;24;60;;;;;;;;;;;;;;;;;;;;;
;LIEWOOD;"Borris Printed Denim Pants";;SO440600;LW20639;;LW20639;5715493523039;;1;PANTS;;;;"01 2026";;UNISEX;;2667;"Sweethearts / light blue denim";;;;128;;;;;24;60;;;;;;;;;;;;;;;;;;;;;
;LIEWOOD;"Borris Printed Denim Pants";;SO440600;LW20639;;LW20639;5715493523022;;1;PANTS;;;;"01 2026";;UNISEX;;2667;"Sweethearts / light blue denim";;;;122;;;;;24;60;;;;;;;;;;;;;;;;;;;;;
;LIEWOOD;"Borris Printed Denim Pants";;SO440600;LW20639;;LW20639;5715493523015;;2;PANTS;;;;"01 2026";;UNISEX;;2667;"Sweethearts / light blue denim";;;;116;;;;;24;60;;;;;;;;;;;;;;;;;;;;;
;LIEWOOD;"Borris Printed Denim Pants";;SO440600;LW20639;;LW20639;5715493523008;;1;PANTS;;;;"01 2026";;UNISEX;;2667;"Sweethearts / light blue denim";;;;110;;;;;24;60;;;;;;;;;;;;;;;;;;;;;
;LIEWOOD;"Borris Printed Denim Pants";;SO440600;LW20639;;LW20639;5715493522995;;1;PANTS;;;;"01 2026";;UNISEX;;2667;"Sweethearts / light blue denim";;;;104;;;;;24;60;;;;;;;;;;;;;;;;;;;;;
;LIEWOOD;"Borris Printed Denim Pants";;SO440600;LW20639;;LW20639;5715493522988;;1;PANTS;;;;"01 2026";;UNISEX;;2667;"Sweethearts / light blue denim";;;;98;;;;;24;60;;;;;;;;;;;;;;;;;;;;;
;LIEWOOD;"Borris Printed Denim Pants";;SO440600;LW20639;;LW20639;5715493522971;;1;PANTS;;;;"01 2026";;UNISEX;;2667;"Sweethearts / light blue denim";;;;92;;;;;24;60;;;;;;;;;;;;;;;;;;;;;
;LIEWOOD;"Borris Placement Denim Pants";;SO440600;LW20640;;LW20640;5715493523145;;1;PANTS;;;;"01 2026";;UNISEX;;2674;"Cool kids / Light blue denim";;;;134;;;;;24;60;;;;;;;;;;;;;;;;;;;;;
;LIEWOOD;"Borris Placement Denim Pants";;SO440600;LW20640;;LW20640;5715493523138;;1;PANTS;;;;"01 2026";;UNISEX;;2674;"Cool kids / Light blue denim";;;;128;;;;;24;60;;;;;;;;;;;;;;;;;;;;;
;LIEWOOD;"Borris Placement Denim Pants";;SO440600;LW20640;;LW20640;5715493523121;;1;PANTS;;;;"01 2026";;UNISEX;;2674;"Cool kids / Light blue denim";;;;122;;;;;24;60;;;;;;;;;;;;;;;;;;;;;
;LIEWOOD;"Borris Placement Denim Pants";;SO440600;LW20640;;LW20640;5715493523114;;1;PANTS;;;;"01 2026";;UNISEX;;2674;"Cool kids / Light blue denim";;;;116;;;;;24;60;;;;;;;;;;;;;;;;;;;;;
;LIEWOOD;"Borris Placement Denim Pants";;SO440600;LW20640;;LW20640;5715493523107;;1;PANTS;;;;"01 2026";;UNISEX;;2674;"Cool kids / Light blue denim";;;;110;;;;;24;60;;;;;;;;;;;;;;;;;;;;;
;LIEWOOD;"Borris Placement Denim Pants";;SO440600;LW20640;;LW20640;5715493523091;;1;PANTS;;;;"01 2026";;UNISEX;;2674;"Cool kids / Light blue denim";;;;104;;;;;24;60;;;;;;;;;;;;;;;;;;;;;
;LIEWOOD;"Borris Placement Denim Pants";;SO440600;LW20640;;LW20640;5715493523084;;1;PANTS;;;;"01 2026";;UNISEX;;2674;"Cool kids / Light blue denim";;;;98;;;;;24;60;;;;;;;;;;;;;;;;;;;;;
;LIEWOOD;"Borris Placement Denim Pants";;SO440600;LW20640;;LW20640;5715493523077;;1;PANTS;;;;"01 2026";;UNISEX;;2674;"Cool kids / Light blue denim";;;;92;;;;;24;60;;;;;;;;;;;;;;;;;;;;;
;LIEWOOD;"Angelica Printed Denim frill Dress";;SO440600;LW20641;;LW20641;5715493523244;;1;DRESS;;;;"01 2026";;GIRL;;2667;"Sweethearts / light blue denim";;;;134;;;;;28;70;;;;;;;;;;;;;;;;;;;;;
;LIEWOOD;"Angelica Printed Denim frill Dress";;SO440600;LW20641;;LW20641;5715493523237;;1;DRESS;;;;"01 2026";;GIRL;;2667;"Sweethearts / light blue denim";;;;128;;;;;28;70;;;;;;;;;;;;;;;;;;;;;
;LIEWOOD;"Angelica Printed Denim frill Dress";;SO440600;LW20641;;LW20641;5715493523176;;1;DRESS;;;;"01 2026";;GIRL;;2667;"Sweethearts / light blue denim";;;;92;;;;;28;70;;;;;;;;;;;;;;;;;;;;;
;LIEWOOD;"Bello Stripe Bikini";;SO440600;LW20646;;LW20646;5715493523626;;1;BIKINI;;;;"01 2026";;GIRL;;2659;"Coral blush / Creme de la creme";;;;134;;;;;22;50;;;;;;;;;;;;;;;;;;;;;
;LIEWOOD;"Bello Stripe Bikini";;SO440600;LW20646;;LW20646;5715493523619;;1;BIKINI;;;;"01 2026";;GIRL;;2659;"Coral blush / Creme de la creme";;;;128;;;;;22;50;;;;;;;;;;;;;;;;;;;;;
;LIEWOOD;"Bello Stripe Bikini";;SO440600;LW20646;;LW20646;5715493523602;;1;BIKINI;;;;"01 2026";;GIRL;;2659;"Coral blush / Creme de la creme";;;;122;;;;;22;50;;;;;;;;;;;;;;;;;;;;;
;LIEWOOD;"Bello Stripe Bikini";;SO440600;LW20646;;LW20646;5715493523596;;1;BIKINI;;;;"01 2026";;GIRL;;2659;"Coral blush / Creme de la creme";;;;116;;;;;22;50;;;;;;;;;;;;;;;;;;;;;
;LIEWOOD;"Bello Stripe Bikini";;SO440600;LW20646;;LW20646;5715493523589;;1;BIKINI;;;;"01 2026";;GIRL;;2659;"Coral blush / Creme de la creme";;;;110;;;;;22;50;;;;;;;;;;;;;;;;;;;;;
;LIEWOOD;"Bello Stripe Bikini";;SO440600;LW20646;;LW20646;5715493523572;;1;BIKINI;;;;"01 2026";;GIRL;;2659;"Coral blush / Creme de la creme";;;;104;;;;;22;50;;;;;;;;;;;;;;;;;;;;;
;LIEWOOD;"Suna Printed Swimsuit";;SO440600;LW20659;;LW20659;5715493523985;;1;SWIMSUIT;;;;"01 2026";;GIRL;;2607;"Dot / Dusty lavender";;;;122;;;;;18;45;;;;;;;;;;;;;;;;;;;;;
;LIEWOOD;"Suna Printed Swimsuit";;SO440600;LW20659;;LW20659;5715493523961;;1;SWIMSUIT;;;;"01 2026";;GIRL;;2607;"Dot / Dusty lavender";;;;110;;;;;18;45;;;;;;;;;;;;;;;;;;;;;
;LIEWOOD;"Suna Printed Swimsuit";;SO440600;LW20659;;LW20659;5715493523947;;1;SWIMSUIT;;;;"01 2026";;GIRL;;2607;"Dot / Dusty lavender";;;;98;;;;;18;45;;;;;;;;;;;;;;;;;;;;;
;LIEWOOD;"Suna Printed Swimsuit";;SO440600;LW20659;;LW20659;5715493523930;;1;SWIMSUIT;;;;"01 2026";;GIRL;;2607;"Dot / Dusty lavender";;;;92;;;;;18;45;;;;;;;;;;;;;;;;;;;;;
;LIEWOOD;"Suna Printed Swimsuit";;SO440600;LW20659;;LW20659;5715493523923;;1;SWIMSUIT;;;;"01 2026";;GIRL;;2607;"Dot / Dusty lavender";;;;86;;;;;18;45;;;;;;;;;;;;;;;;;;;;;
;LIEWOOD;"Suna Printed Swimsuit";;SO440600;LW20659;;LW20659;5715493523954;;1;SWIMSUIT;;;;"01 2026";;GIRL;;2607;"Dot / Dusty lavender";;;;104;;;;;18;45;;;;;;;;;;;;;;;;;;;;;
;LIEWOOD;"Suna Printed Swimsuit";;SO440600;LW20659;;LW20659;5715493523978;;1;SWIMSUIT;;;;"01 2026";;GIRL;;2607;"Dot / Dusty lavender";;;;116;;;;;18;45;;;;;;;;;;;;;;;;;;;;;
;LIEWOOD;"Angelica Stripe Denim Frill Dress";;SO440600;LW20669;;LW20669;5715493524432;;2;DRESS;;;;"01 2026";;GIRL;;2671;"Classic navy / Creme de la creme";;;;116;;;;;28;70;;;;;;;;;;;;;;;;;;;;;
;LIEWOOD;"Angelica Stripe Denim Frill Dress";;SO440600;LW20669;;LW20669;5715493524449;;1;DRESS;;;;"01 2026";;GIRL;;2671;"Classic navy / Creme de la creme";;;;122;;;;;28;70;;;;;;;;;;;;;;;;;;;;;
;LIEWOOD;"Angelica Stripe Denim Frill Dress";;SO440600;LW20669;;LW20669;5715493524470;;1;DRESS;;;;"01 2026";;GIRL;;2671;"Classic navy / Creme de la creme";;;;140;;;;;28;70;;;;;;;;;;;;;;;;;;;;;
;LIEWOOD;"Angelica Stripe Denim Frill Dress";;SO440600;LW20669;;LW20669;5715493524388;;1;DRESS;;;;"01 2026";;GIRL;;2671;"Classic navy / Creme de la creme";;;;86;;;;;28;70;;;;;;;;;;;;;;;;;;;;;
;LIEWOOD;"Nieve Printed Longsleeve Rib T-shirt";;SO440600;LW20679;;LW20679;5715493525965;;1;TSHIRT;;;;"01 2026";;GIRL;;1836;"Leo spots / Mist";;;;98/104;;;;;12;30;;;;;;;;;;;;;;;;;;;;;
;LIEWOOD;"Nieve Printed Longsleeve Rib T-shirt";;SO440600;LW20679;;LW20679;5715493525972;;1;TSHIRT;;;;"01 2026";;GIRL;;1836;"Leo spots / Mist";;;;110/116;;;;;12;30;;;;;;;;;;;;;;;;;;;;;
;LIEWOOD;"Nieve Printed Longsleeve Rib T-shirt";;SO440600;LW20679;;LW20679;5715493525989;;1;TSHIRT;;;;"01 2026";;GIRL;;1836;"Leo spots / Mist";;;;122/128;;;;;12;30;;;;;;;;;;;;;;;;;;;;;
;LIEWOOD;"Nieve Printed Longsleeve Rib T-shirt";;SO440600;LW20679;;LW20679;5715493525996;;1;TSHIRT;;;;"01 2026";;GIRL;;1836;"Leo spots / Mist";;;;134/140;;;;;12;30;;;;;;;;;;;;;;;;;;;;;
;LIEWOOD;"Thora Placement Sweatshirt";;SO440600;LW20681;;LW20681;5715493529673;;2;SWEATSHIRT;;;;"01 2026";;UNISEX;;2641;"Sweethearts / Pale tuscany";;;;122/128;;;;;18.8;47;;;;;;;;;;;;;;;;;;;;;
;LIEWOOD;"Thora Placement Sweatshirt";;SO440600;LW20681;;LW20681;5715493529697;;1;SWEATSHIRT;;;;"01 2026";;UNISEX;;2641;"Sweethearts / Pale tuscany";;;;134/140;;;;;18.8;47;;;;;;;;;;;;;;;;;;;;;
;LIEWOOD;"Thora Placement Sweatshirt";;SO440600;LW20681;;LW20681;5715493529680;;2;SWEATSHIRT;;;;"01 2026";;UNISEX;;2642;"Tiger / Beach blue";;;;134/140;;;;;18.8;47;;;;;;;;;;;;;;;;;;;;;
;LIEWOOD;"Thora Placement Sweatshirt";;SO440600;LW20681;;LW20681;5715493529666;;2;SWEATSHIRT;;;;"01 2026";;UNISEX;;2642;"Tiger / Beach blue";;;;122/128;;;;;18.8;47;;;;;;;;;;;;;;;;;;;;;
;LIEWOOD;"Thora Placement Sweatshirt";;SO440600;LW20681;;LW20681;5715493529642;;2;SWEATSHIRT;;;;"01 2026";;UNISEX;;2642;"Tiger / Beach blue";;;;110/116;;;;;18.8;47;;;;;;;;;;;;;;;;;;;;;
;LIEWOOD;"Thora Placement Sweatshirt";;SO440600;LW20681;;LW20681;5715493529628;;2;SWEATSHIRT;;;;"01 2026";;UNISEX;;2642;"Tiger / Beach blue";;;;98/104;;;;;18.8;47;;;;;;;;;;;;;;;;;;;;;
;LIEWOOD;"Thora Placement Sweatshirt";;SO440600;LW20681;;LW20681;5715493529635;;2;SWEATSHIRT;;;;"01 2026";;UNISEX;;2641;"Sweethearts / Pale tuscany";;;;98/104;;;;;18.8;47;;;;;;;;;;;;;;;;;;;;;
;LIEWOOD;"Anthony Baby Seersucker Swim Pants";;SO440600;LW20682;;LW20682;5715493526450;;2;SWIMPANTS;;;;"01 2026";;UNISEX;;2662;"Peppermint / Sandy";;;;86;;;;;14;35;;;;;;;;;;;;;;;;;;;;;
;LIEWOOD;"Anthony Baby Seersucker Swim Pants";;SO440600;LW20682;;LW20682;5715493526443;;2;SWIMPANTS;;;;"01 2026";;UNISEX;;2662;"Peppermint / Sandy";;;;80;;;;;14;35;;;;;;;;;;;;;;;;;;;;;
;LIEWOOD;"Borris Stripe Denim Pants";;SO440600;LW20690;;LW20690;5715493526832;;1;PANTS;;;;"01 2026";;UNISEX;;2671;"Classic navy / Creme de la creme";;;;134;;;;;24;60;;;;;;;;;;;;;;;;;;;;;
;LIEWOOD;"Borris Stripe Denim Pants";;SO440600;LW20690;;LW20690;5715493526825;;1;PANTS;;;;"01 2026";;UNISEX;;2671;"Classic navy / Creme de la creme";;;;128;;;;;24;60;;;;;;;;;;;;;;;;;;;;;
;LIEWOOD;"Borris Stripe Denim Pants";;SO440600;LW20690;;LW20690;5715493526818;;1;PANTS;;;;"01 2026";;UNISEX;;2671;"Classic navy / Creme de la creme";;;;122;;;;;24;60;;;;;;;;;;;;;;;;;;;;;
;LIEWOOD;"Borris Stripe Denim Pants";;SO440600;LW20690;;LW20690;5715493526801;;1;PANTS;;;;"01 2026";;UNISEX;;2671;"Classic navy / Creme de la creme";;;;116;;;;;24;60;;;;;;;;;;;;;;;;;;;;;
;LIEWOOD;"Borris Stripe Denim Pants";;SO440600;LW20690;;LW20690;5715493526795;;1;PANTS;;;;"01 2026";;UNISEX;;2671;"Classic navy / Creme de la creme";;;;110;;;;;24;60;;;;;;;;;;;;;;;;;;;;;
;LIEWOOD;"Borris Stripe Denim Pants";;SO440600;LW20690;;LW20690;5715493526788;;1;PANTS;;;;"01 2026";;UNISEX;;2671;"Classic navy / Creme de la creme";;;;104;;;;;24;60;;;;;;;;;;;;;;;;;;;;;
;LIEWOOD;"Borris Stripe Denim Pants";;SO440600;LW20690;;LW20690;5715493526771;;1;PANTS;;;;"01 2026";;UNISEX;;2671;"Classic navy / Creme de la creme";;;;98;;;;;24;60;;;;;;;;;;;;;;;;;;;;;
;LIEWOOD;"Borris Stripe Denim Pants";;SO440600;LW20690;;LW20690;5715493526764;;1;PANTS;;;;"01 2026";;UNISEX;;2671;"Classic navy / Creme de la creme";;;;92;;;;;24;60;;;;;;;;;;;;;;;;;;;;;
;LIEWOOD;"Borrisa Stripe Denim Shorts";;SO440600;LW20693;;LW20693;5715493527211;;1;SHORTS;;;;"01 2026";;UNISEX;;2671;"Classic navy / Creme de la creme";;;;110;;;;;22;55;;;;;;;;;;;;;;;;;;;;;
;LIEWOOD;"Borrisa Stripe Denim Shorts";;SO440600;LW20693;;LW20693;5715493527228;;1;SHORTS;;;;"01 2026";;UNISEX;;2671;"Classic navy / Creme de la creme";;;;116;;;;;22;55;;;;;;;;;;;;;;;;;;;;;
;LIEWOOD;"Borrisa Stripe Denim Shorts";;SO440600;LW20693;;LW20693;5715493527235;;1;SHORTS;;;;"01 2026";;UNISEX;;2671;"Classic navy / Creme de la creme";;;;122;;;;;22;55;;;;;;;;;;;;;;;;;;;;;
;LIEWOOD;"Borrisa Stripe Denim Shorts";;SO440600;LW20693;;LW20693;5715493527242;;1;SHORTS;;;;"01 2026";;UNISEX;;2671;"Classic navy / Creme de la creme";;;;128;;;;;22;55;;;;;;;;;;;;;;;;;;;;;
;LIEWOOD;"Borrisa Stripe Denim Shorts";;SO440600;LW20693;;LW20693;5715493527259;;1;SHORTS;;;;"01 2026";;UNISEX;;2671;"Classic navy / Creme de la creme";;;;134;;;;;22;55;;;;;;;;;;;;;;;;;;;;;
;LIEWOOD;"Borrisa Stripe Denim Shorts";;SO440600;LW20693;;LW20693;5715493527266;;1;SHORTS;;;;"01 2026";;UNISEX;;2671;"Classic navy / Creme de la creme";;;;140;;;;;22;55;;;;;;;;;;;;;;;;;;;;;
;LIEWOOD;"Borrisa Stripe Denim Shorts";;SO440600;LW20693;;LW20693;5715493527204;;1;SHORTS;;;;"01 2026";;UNISEX;;2671;"Classic navy / Creme de la creme";;;;104;;;;;22;55;;;;;;;;;;;;;;;;;;;;;
;LIEWOOD;"Tyler Stripe SS T-shirt";;SO440600;LW20725;;LW20725;5715493527419;;2;TSHIRT;;;;"01 2026";;UNISEX;;2673;"Riverside / Creme de la creme";;;;122/128;;;;;12.8;32;;;;;;;;;;;;;;;;;;;;;
;LIEWOOD;"Tyler Stripe SS T-shirt";;SO440600;LW20725;;LW20725;5715493527402;;2;TSHIRT;;;;"01 2026";;UNISEX;;2673;"Riverside / Creme de la creme";;;;110/116;;;;;12.8;32;;;;;;;;;;;;;;;;;;;;;
;LIEWOOD;"Tyler Stripe SS T-shirt";;SO440600;LW20725;;LW20725;5715493527396;;2;TSHIRT;;;;"01 2026";;UNISEX;;2673;"Riverside / Creme de la creme";;;;98/104;;;;;12.8;32;;;;;;;;;;;;;;;;;;;;;
;LIEWOOD;"Tyler Stripe SS T-shirt";;SO440600;LW20725;;LW20725;5715493527389;;2;TSHIRT;;;;"01 2026";;UNISEX;;2673;"Riverside / Creme de la creme";;;;86/92;;;;;12.8;32;;;;;;;;;;;;;;;;;;;;;
;LIEWOOD;"Ilford Placement Set";;SO440600;LW20729;;LW20729;5715493527570;;1;SET;;;;"01 2026";;UNISEX;;2652;"Pineapple / light apricot / mix";;;;122/128;;;;;16.8;42;;;;;;;;;;;;;;;;;;;;;
;LIEWOOD;"Ilford Placement Set";;SO440600;LW20729;;LW20729;5715493527617;;2;SET;;;;"01 2026";;UNISEX;;2653;"Pufferfish / peppermint / mix";;;;110/116;;;;;16.8;42;;;;;;;;;;;;;;;;;;;;;
;LIEWOOD;"Ilford Placement Set";;SO440600;LW20729;;LW20729;5715493527600;;2;SET;;;;"01 2026";;UNISEX;;2653;"Pufferfish / peppermint / mix";;;;98/104;;;;;16.8;42;;;;;;;;;;;;;;;;;;;;;
;LIEWOOD;"Ilford Placement Set";;SO440600;LW20729;;LW20729;5715493527556;;2;SET;;;;"01 2026";;UNISEX;;2652;"Pineapple / light apricot / mix";;;;98/104;;;;;16.8;42;;;;;;;;;;;;;;;;;;;;;
;LIEWOOD;"Ilford Placement Set";;SO440600;LW20729;;LW20729;5715493527549;;2;SET;;;;"01 2026";;UNISEX;;2652;"Pineapple / light apricot / mix";;;;86/92;;;;;16.8;42;;;;;;;;;;;;;;;;;;;;;
;LIEWOOD;"Ilford Placement Set";;SO440600;LW20729;;LW20729;5715493527594;;2;SET;;;;"01 2026";;UNISEX;;2653;"Pufferfish / peppermint / mix";;;;86/92;;;;;16.8;42;;;;;;;;;;;;;;;;;;;;;
;LIEWOOD;"Kinsley Placement Denim Overshirt";;SO440600;LW20934;;LW20934;5715493544805;;1;OVERSHIRT;;;;"01 2026";;BOY;;2674;"Cool kids / Light blue denim";;;;110;;;;;28;70;;;;;;;;;;;;;;;;;;;;;
;LIEWOOD;"Kinsley Placement Denim Overshirt";;SO440600;LW20934;;LW20934;5715493544812;;1;OVERSHIRT;;;;"01 2026";;BOY;;2674;"Cool kids / Light blue denim";;;;116;;;;;28;70;;;;;;;;;;;;;;;;;;;;;
;LIEWOOD;"Kinsley Placement Denim Overshirt";;SO440600;LW20934;;LW20934;5715493544829;;1;OVERSHIRT;;;;"01 2026";;BOY;;2674;"Cool kids / Light blue denim";;;;122;;;;;28;70;;;;;;;;;;;;;;;;;;;;;
;LIEWOOD;"Kinsley Placement Denim Overshirt";;SO440600;LW20934;;LW20934;5715493544836;;1;OVERSHIRT;;;;"01 2026";;BOY;;2674;"Cool kids / Light blue denim";;;;128;;;;;28;70;;;;;;;;;;;;;;;;;;;;;
;LIEWOOD;"Kinsley Placement Denim Overshirt";;SO440600;LW20934;;LW20934;5715493544782;;1;OVERSHIRT;;;;"01 2026";;BOY;;2674;"Cool kids / Light blue denim";;;;98;;;;;28;70;;;;;;;;;;;;;;;;;;;;;
;LIEWOOD;Freight;;SO440600;FREIGHT;;FREIGHT;5715493274610;;1;;;;;"03 2023";;;;;;;;;;;;;;10;0;;;;;;;;;;;;;;;;;;;;;
;LIEWOOD;Freight;;SO440600;FREIGHT;;FREIGHT;5715493274610;;1;;;;;"03 2023";;;;;;;;;;;;;;10;0;;;;;;;;;;;;;;;;;;;;;
;LIEWOOD;Freight;;SO440600;FREIGHT;;FREIGHT;5715493274610;;1;;;;;"03 2023";;;;;;;;;;;;;;10;0;;;;;;;;;;;;;;;;;;;;;
;LIEWOOD;Freight;;SO440600;FREIGHT;;FREIGHT;5715493274610;;4;;;;;"03 2023";;;;;;;;;;;;;;10;0;;;;;;;;;;;;;;;;;;;;;
;LIEWOOD;Freight;;SO440600;FREIGHT;;FREIGHT;5715493274610;;2;;;;;"03 2023";;;;;;;;;;;;;;10;0;;;;;;;;;;;;;;;;;;;;;
;LIEWOOD;Freight;;SO440600;FREIGHT;;FREIGHT;5715493274610;;1;;;;;"03 2023";;;;;;;;;;;;;;10;0;;;;;;;;;;;;;;;;;;;;;
;LIEWOOD;Freight;;SO440600;FREIGHT;;FREIGHT;5715493274610;;1;;;;;"03 2023";;;;;;;;;;;;;;10;0;;;;;;;;;;;;;;;;;;;;;
;LIEWOOD;Freight;;SO440600;FREIGHT;;FREIGHT;5715493274610;;1;;;;;"03 2023";;;;;;;;;;;;;;10;0;;;;;;;;;;;;;;;;;;;;;
;LIEWOOD;Freight;;SO440600;FREIGHT;;FREIGHT;5715493274610;;1;;;;;"03 2023";;;;;;;;;;;;;;10;0;;;;;;;;;;;;;;;;;;;;;
;LIEWOOD;Freight;;SO440600;FREIGHT;;FREIGHT;5715493274610;;1;;;;;"03 2023";;;;;;;;;;;;;;10;0;;;;;;;;;;;;;;;;;;;;;
;LIEWOOD;Freight;;SO440600;FREIGHT;;FREIGHT;5715493274610;;1;;;;;"02 2022";;;;;;;;;;;;;;10;0;;;;;;;;;;;;;;;;;;;;;
;LIEWOOD;Freight;;SO440600;FREIGHT;;FREIGHT;5715493274610;;1;;;;;"02 2022";;;;;;;;;;;;;;10;0;;;;;;;;;;;;;;;;;;;;;
;LIEWOOD;Freight;;SO440600;FREIGHT;;FREIGHT;5715493274610;;1;;;;;"02 2022";;;;;;;;;;;;;;10;0;;;;;;;;;;;;;;;;;;;;;
